Category,Subcategory,Keyword,Title,Meta Description,Search Intent,Content Type,Priority,Competition Level,Monthly Search Volume,Difficulty Score,CPC
Freebies,Digital Downloads,free ebook downloads for beginners,Free Beginner eBooks: Start Learning Today,"Download free ebooks perfect for beginners. No registration required.",Informational,Guide,High,Medium,12500,35,0.85
Freebies,Digital Downloads,professional software trials 2024,2024's Best Professional Software Trials,"Explore full-featured professional software trials. Try before you buy.",Transactional,Review,High,High,8200,45,1.25
Freebies,Digital Downloads,free Photoshop alternatives download,Best Free Photoshop Alternatives 2024,"Discover powerful free alternatives to Photoshop. Full comparison and download links.",Informational,Comparison,Medium,Medium,15000,40,1.15
Freebies,Online Courses,free programming courses for beginners,Learn to Code: Free Beginner Courses,"Start your coding journey with free programming courses. Perfect for beginners.",Educational,Tutorial,High,High,22000,55,2.15
Freebies,Online Courses,free digital marketing certification courses,Free Digital Marketing Certifications,"Earn free digital marketing certifications from top providers.",Educational,Guide,High,Medium,18500,50,1.95
Freebies,Templates,free resume templates 2024,Professional Resume Templates Free,"Download professional resume templates. ATS-friendly and fully customizable.",Transactional,Resource,High,High,25000,60,2.45
Freebies,Templates,free social media post templates,Free Social Media Templates Pack,"Create stunning social media posts with free templates. All platforms covered.",Transactional,Resource,Medium,Medium,16500,45,1.75
Freebies,Consultation,free legal consultation online,Free Online Legal Consultation Guide,"Find reputable free legal consultation services online. Know your rights.",Informational,Guide,Medium,High,9500,65,3.25
Giveaways,Social Media,instagram photo contest rules template,Instagram Contest Rules Template,"Create compliant Instagram contest rules with our free template.",Informational,Template,Medium,Low,7500,30,0.95
Giveaways,Social Media,how to run successful instagram giveaway,Instagram Giveaway Success Guide,"Step-by-step guide to running successful Instagram giveaways. Increase engagement.",Educational,Tutorial,High,Medium,11000,40,1.45
Giveaways,Brand Collaboration,brand ambassador program examples,Successful Brand Ambassador Programs,"Learn from successful brand ambassador programs. Real examples and templates.",Informational,Case Study,Medium,Medium,8500,45,1.65
Giveaways,Referral Programs,best referral program rewards ideas,Referral Program Rewards Guide,"Discover effective referral program reward structures. Boost participation.",Informational,Guide,High,Medium,9200,40,1.55
Free Samples,Beauty,free luxury makeup samples no purchase,Luxury Makeup Samples Guide,"Get free luxury makeup samples without purchase. Updated daily.",Transactional,List,High,High,19500,55,2.25
Free Samples,Beauty,free skincare samples by mail 2024,2024 Free Skincare Samples,"Latest free skincare samples available by mail. No purchase necessary.",Transactional,List,High,High,21000,50,2.15
Free Samples,Food,free food samples for review,Food Testing Opportunities,"Become a food tester and get free samples. Complete application guide.",Informational,Guide,Medium,Low,12500,35,1.25
Sweepstakes,Travel,all inclusive vacation sweepstakes 2024,Win Free Vacations 2024,"Enter to win all-inclusive vacation packages. Legitimate sweepstakes only.",Transactional,List,High,High,16500,60,2.85
Sweepstakes,Technology,win gaming laptop giveaway 2024,Gaming Laptop Giveaways 2024,"Latest gaming laptop giveaways. Multiple chances to win.",Transactional,List,High,High,14500,55,2.45
Coupons,Retail,nordstrom promo code first order,Nordstrom First Order Discount,"Save on your first Nordstrom order with exclusive promo codes.",Transactional,Deal,High,High,28000,65,3.15
Coupons,Software,adobe creative cloud student discount,Adobe Student Discount Guide,"Get Adobe Creative Cloud student discount. Verification process explained.",Informational,Guide,High,High,25500,60,2.95
Cashback,Shopping,highest cashback sites comparison,Best Cashback Sites 2024,"Compare top cashback sites. Maximum rewards for online shopping.",Informational,Comparison,High,Medium,17500,45,1.85
Deals,Electronics,best gaming laptop deals under 1000,Gaming Laptop Deals Under $1000,"Find powerful gaming laptops under $1000. Daily deals updated.",Transactional,List,High,High,31000,70,3.45
Membership,Streaming,netflix student discount code 2024,Netflix Student Discount Guide,"Get Netflix student discount. Eligibility and application process.",Informational,Guide,High,High,29500,65,3.25
Seasonal,Black Friday,black friday gaming pc deals 2024,Black Friday Gaming PC Deals,"Best Black Friday deals on gaming PCs. Early deals and predictions.",Transactional,Guide,High,High,35000,75,3.85